"scenario","category","mean","lci","uci"
"ceasefire","maternal",81.0706010866891,72.3834978303269,90.8900735013201
"escalation","maternal",1737.32157269598,1534.15285116437,1973.58081653784
"status quo","maternal",1358.49536590705,1186.9907479093,1550.84602121742
"ceasefire","stillbirths",20.875322325673,18.6384315400842,23.4037931767068
"escalation","stillbirths",447.352644821188,395.037594832448,508.188358403041
"status quo","stillbirths",349.806566882592,305.644883941372,399.336012518065
"ceasefire","neonatal",4.69661413100519,4.1933507615261,5.26547821740108
"escalation","neonatal",20.7819292218553,0,95.5267851057306
"status quo","neonatal",12.913319177877,0,74.7010112050704
