"scenario","category","mean","lci","uci"
"ceasefire","maternal",73.0059637209991,70.4590518551016,76.6593195068819
"escalation","maternal",1744.31670992865,1532.45542801902,1973.37648642482
"status quo","maternal",1360.07253522452,1181.80983776783,1541.73707064587
"ceasefire","stillbirths",18.7987137623737,18.1428951866752,19.7394367689678
"escalation","stillbirths",449.153861815842,394.600515856748,508.135744299865
"status quo","stillbirths",350.212681027831,304.310822423462,396.990497908812
"ceasefire","neonatal",4.2325397151858,4.08488183801997,4.44434396608983
"escalation","neonatal",20.1717060045758,0,97.5217171249715
"status quo","neonatal",12.6151687441487,0,74.3943837711153
